0,0,0,0,0,0,0,0,0,0,0,0,0,0,0,0,0,0,0,0,0,0,0,0,0,0,0,0,0,0,0,0,0
0.05,-0.00012936,4.93031e-05,4.93031e-05,4.93031e-05,4.93031e-05,4.93031e-05,4.93031e-05,4.93031e-05,5.2703e-05,5.2703e-05,5.27977e-05,5.27977e-05,4.89552e-05,4.89552e-05,4.91166e-05,4.91166e-05,4.91166e-05,5.03419e-05,5.03419e-05,5.03419e-05,5.03419e-05,5.03419e-05,5.03419e-05,5.03419e-05,4.95175e-05,4.95175e-05,4.95175e-05,4.97369e-05,4.97369e-05,4.97369e-05,4.97369e-05,4.97369e-05
0.1,-0.00100638,0.000394329,0.000394329,0.000394329,0.000394329,0.000394329,0.000394329,0.000394329,0.000421543,0.000421543,0.000422299,0.000422299,0.000391568,0.000391568,0.000392859,0.000392859,0.000392859,0.000402665,0.000402665,0.000402665,0.000402665,0.000402665,0.000402665,0.000402665,0.000396067,0.000396067,0.000396067,0.000397822,0.000397822,0.000397822,0.000397822,0.000397822
0.15,-0.00330032,0.00133032,0.00133032,0.00133032,0.00133032,0.00133032,0.00133032,0.00133032,0.00142225,0.00142225,0.00142479,0.00142479,0.00132112,0.00132112,0.00132548,0.00132548,0.00132548,0.00135859,0.00135859,0.00135859,0.00135859,0.00135859,0.00135859,0.00135859,0.00133631,0.00133631,0.00133631,0.00134224,0.00134224,0.00134224,0.00134224,0.00134224
0.2,-0.00759495,0.00315153,0.00315153,0.00315153,0.00315153,0.00315153,0.00315153,0.00315153,0.00336974,0.00336974,0.00337572,0.00337572,0.00313015,0.00313015,0.00314049,0.00314049,0.00314049,0.00321903,0.00321903,0.00321903,0.00321903,0.00321903,0.00321903,0.00321903,0.00316617,0.00316617,0.00316617,0.00318022,0.00318022,0.00318022,0.00318022,0.00318022
0.25,-0.0143885,0.00615073,0.00615073,0.00615073,0.00615073,0.00615073,0.00615073,0.00615073,0.00657767,0.00657767,0.00658925,0.00658925,0.00611005,0.00611005,0.00613025,0.00613025,0.00613025,0.00628379,0.00628379,0.00628379,0.00628379,0.00628379,0.00628379,0.00628379,0.00618041,0.00618041,0.00618041,0.00620787,0.00620787,0.00620787,0.00620787,0.00620787
0.3,-0.0240938,0.0106186,0.0106186,0.0106186,0.0106186,0.0106186,0.0106186,0.0106186,0.011358,0.011358,0.0113778,0.0113778,0.0105507,0.0105507,0.0105856,0.0105856,0.0105856,0.0108512,0.0108512,0.0108512,0.0108512,0.0108512,0.0108512,0.0108512,0.0106723,0.0106723,0.0106723,0.0107198,0.0107198,0.0107198,0.0107198,0.0107198
0.35,-0.0370379,0.0168433,0.0168433,0.0168433,0.0168433,0.0168433,0.0168433,0.0168433,0.0180206,0.0180206,0.0180516,0.0180516,0.0167398,0.0167398,0.0167953,0.0167953,0.0167953,0.0172176,0.0172176,0.0172176,0.0172176,0.0172176,0.0172176,0.0172176,0.016933,0.016933,0.016933,0.0170085,0.0170085,0.0170085,0.0170085,0.0170085
0.4,-0.0534627,0.0251093,0.0251093,0.0251093,0.0251093,0.0251093,0.0251093,0.0251093,0.0268725,0.0268725,0.0269181,0.0269181,0.0249628,0.0249628,0.0250457,0.0250457,0.0250457,0.0256771,0.0256771,0.0256771,0.0256771,0.0256771,0.0256771,0.0256771,0.0252514,0.0252514,0.0252514,0.0253641,0.0253641,0.0253641,0.0253641,0.0253641
0.45,-0.0735244,0.0356971,0.0356971,0.0356971,0.0356971,0.0356971,0.0356971,0.0356971,0.0382176,0.0382176,0.0382813,0.0382813,0.035502,0.035502,0.0356201,0.0356201,0.0356201,0.0365207,0.0365207,0.0365207,0.0365207,0.0365207,0.0365207,0.0365207,0.0359132,0.0359132,0.0359132,0.0360738,0.0360738,0.0360738,0.0360738,0.0360738
0.5,-0.0972935,0.0488818,0.0488818,0.0488818,0.0488818,0.0488818,0.0488818,0.0488818,0.0523559,0.0523559,0.0524412,0.0524412,0.048636,0.048636,0.0487982,0.0487982,0.0487982,0.0500361,0.0500361,0.0500361,0.0500361,0.0500361,0.0500361,0.0500361,0.0492005,0.0492005,0.0492005,0.049421,0.049421,0.049421,0.049421,0.049421
0.55,-0.124755,0.0649323,0.0649323,0.0649323,0.0649323,0.0649323,0.0649323,0.0649323,0.0695828,0.0695828,0.0696932,0.0696932,0.0646392,0.0646392,0.0648553,0.0648553,0.0648553,0.0665065,0.0665065,0.0665065,0.0665065,0.0665065,0.0665065,0.0665065,0.065391,0.065391,0.065391,0.0656849,0.0656849,0.0656849,0.0656849,0.0656849
0.6,-0.15581,0.0841086,0.0841086,0.0841086,0.0841086,0.0841086,0.0841086,0.0841086,0.0901882,0.0901882,0.0903269,0.0903269,0.0837807,0.0837807,0.0840615,0.0840615,0.0840615,0.0862102,0.0862102,0.0862102,0.0862102,0.0862102,0.0862102,0.0862102,0.0847572,0.0847572,0.0847572,0.0851393,0.0851393,0.0851393,0.0851393,0.0851393
0.65,-0.190271,0.10666,0.10666,0.10666,0.10666,0.10666,0.10666,0.10666,0.114456,0.114456,0.114625,0.114625,0.106323,0.106323,0.106681,0.106681,0.106681,0.10942,0.10942,0.10942,0.10942,0.10942,0.10942,0.10942,0.107565,0.107565,0.107565,0.108052,0.108052,0.108052,0.108052,0.108052
0.7,-0.227867,0.132821,0.132821,0.132821,0.132821,0.132821,0.132821,0.132821,0.142661,0.142661,0.142863,0.142863,0.132522,0.132522,0.132969,0.132969,0.132969,0.1364,0.1364,0.1364,0.1364,0.1364,0.1364,0.1364,0.134074,0.134074,0.134074,0.134683,0.134683,0.134683,0.134683,0.134683
0.75,-0.268241,0.162803,0.162803,0.162803,0.162803,0.162803,0.162803,0.162803,0.175072,0.175072,0.175306,0.175306,0.162624,0.162624,0.163175,0.163175,0.163175,0.167406,0.167406,0.167406,0.167406,0.167406,0.167406,0.167406,0.164533,0.164533,0.164533,0.165283,0.165283,0.165283,0.165283,0.165283
0.8,-0.310952,0.196772,0.196772,0.196772,0.196772,0.196772,0.196772,0.196772,0.211944,0.211944,0.212208,0.212208,0.196863,0.196863,0.197532,0.197532,0.197532,0.202684,0.202684,0.202684,0.202684,0.202684,0.202684,0.202684,0.19918,0.19918,0.19918,0.200091,0.200091,0.200091,0.200091,0.200091
0.85,-0.355471,0.234778,0.234778,0.234778,0.234778,0.234778,0.234778,0.234778,0.253521,0.253521,0.253809,0.253809,0.23546,0.23546,0.236263,0.236263,0.236263,0.242463,0.242463,0.242463,0.242463,0.242463,0.242463,0.242463,0.238236,0.238236,0.238236,0.23933,0.23933,0.23933,0.23933,0.23933
0.9,-0.401184,0.171737,0.171737,0.171737,0.171737,0.171737,0.171737,0.171737,0.300032,0.300032,0.300332,0.300332,0.278614,0.278614,0.279569,0.279569,0.279569,0.286952,0.286952,0.286952,0.286952,0.286952,0.286952,0.286952,0.281902,0.281902,0.281902,0.283203,0.283203,0.283203,0.283203,0.283203
0.95,-0.447394,0.206287,0.206287,0.206287,0.206287,0.206287,0.206287,0.206287,0.351684,0.351684,0.35198,0.35198,0.326496,0.326496,0.32762,0.32762,0.32762,0.33633,0.33633,0.33633,0.33633,0.33633,0.33633,0.33633,0.330347,0.330347,0.330347,0.331879,0.331879,0.331879,0.331879,0.331879
1,-0.493315,0.245668,0.245668,0.245668,0.245668,0.245668,0.245668,0.245668,0.408663,0.408663,0.408923,0.408923,0.379226,0.379226,0.380536,0.380536,0.380536,0.390718,0.390718,0.390718,0.390718,0.390718,0.390718,0.390718,0.383674,0.383674,0.383674,0.38546,0.38546,0.38546,0.38546,0.38546
1.05,-0.538077,0.290261,0.290261,0.290261,0.290261,0.290261,0.290261,0.290261,0.471121,0.471121,0.471298,0.471298,0.43679,0.43679,0.438298,0.438298,0.438298,0.450059,0.450059,0.450059,0.450059,0.450059,0.450059,0.450059,0.441772,0.441772,0.441772,0.443816,0.443816,0.443816,0.443816,0.443816
1.1,-0.580726,0.340762,0.340762,0.340762,0.340762,0.340762,0.340762,0.340762,0.539166,0.539166,0.539181,0.539181,0.30756,0.30756,0.308861,0.308861,0.308861,0.319354,0.319354,0.319354,0.319354,0.319354,0.319354,0.319354,0.313622,0.313622,0.313622,0.315632,0.315632,0.315632,0.315632,0.315632
1.15,-0.62022,0.397476,0.397476,0.397476,0.397476,0.397476,0.397476,0.397476,0.612848,0.612848,0.612563,0.612563,0.355752,0.355752,0.357301,0.357301,0.357301,0.369109,0.369109,0.369109,0.369109,0.369109,0.369109,0.369109,0.362357,0.362357,0.362357,0.364662,0.364662,0.364662,0.364662,0.364662
1.2,-0.655432,0.459506,0.459506,0.459506,0.459506,0.459506,0.459506,0.459506,0.692121,0.692121,0.691274,0.691274,0.409669,0.409669,0.411503,0.411503,0.411503,0.425382,0.425382,0.425382,0.425382,0.425382,0.425382,0.425382,0.417186,0.417186,0.417186,0.419657,0.419657,0.419657,0.419657,0.419657
1.25,-0.685152,0.529928,0.529928,0.529928,0.529928,0.529928,0.529928,0.529928,0.776781,0.776781,0.774747,0.774747,0.467678,0.467678,0.469821,0.469821,0.469821,0.48596,0.48596,0.48596,0.48596,0.48596,0.48596,0.48596,0.476778,0.476778,0.476778,0.479666,0.479666,0.479666,0.479666,0.479666
1.3,-0.708081,0.605755,0.605755,0.605755,0.605755,0.605755,0.605755,0.605755,0.866304,0.866304,0.433449,0.433449,0.532746,0.532746,0.535091,0.535091,0.535091,0.552891,0.552891,0.552891,0.552891,0.552891,0.552891,0.552891,0.542166,0.542166,0.542166,0.545318,0.545318,0.545318,0.545318,0.545318
1.35,-0.722836,0.687167,0.687167,0.687167,0.687167,0.687167,0.687167,0.687167,0.959274,0.959274,0.501152,0.501152,0.600922,0.600922,0.603487,0.603487,0.603487,0.623663,0.623663,0.623663,0.623663,0.623663,0.623663,0.623663,0.611577,0.611577,0.611577,0.615131,0.615131,0.615131,0.615131,0.615131
1.4,-0.727949,0.407759,0.407759,0.407759,0.407759,0.407759,0.407759,0.407759,0.157329,0.157329,0.210289,0.210289,0.307959,0.307959,0.30955,0.30955,0.30955,0.322772,0.322772,0.322772,0.322772,0.322772,0.322772,0.322772,0.320785,0.320785,0.320785,0.323639,0.323639,0.323639,0.323639,0.323639
1.45,-0.721866,-0.349257,-0.349257,-0.349257,-0.349257,-0.349257,-0.349257,-0.349257,-0.613958,-0.613958,-0.55599,-0.55599,-0.463464,-0.463464,-0.463674,-0.463674,-0.463674,-0.466769,-0.466769,-0.466769,-0.466769,-0.466769,-0.466769,-0.466769,-0.457399,-0.457399,-0.457399,-0.456716,-0.456716,-0.456716,-0.456716,-0.456716
1.5,-0.702948,-0.304657,-0.304657,-0.304657,-0.304657,-0.304657,-0.304657,-0.304657,-0.579403,-0.579403,-0.517215,-0.517215,-0.432,-0.432,-0.432738,-0.432738,-0.432738,-0.439656,-0.439656,-0.439656,-0.439656,-0.439656,-0.439656,-0.439656,-0.428732,-0.428732,-0.428732,-0.428451,-0.428451,-0.428451,-0.428451,-0.428451
1.55,-0.669469,-0.235256,-0.235256,-0.235256,-0.235256,-0.235256,-0.235256,-0.235256,-0.51943,-0.51943,-0.452125,-0.452125,-0.375073,-0.375073,-0.375824,-0.375824,-0.375824,-0.382705,-0.382705,-0.382705,-0.382705,-0.382705,-0.382705,-0.382705,-0.370264,-0.370264,-0.370264,-0.369446,-0.369446,-0.369446,-0.369446,-0.369446
1.6,-0.619619,-0.151154,-0.151154,-0.151154,-0.151154,-0.151154,-0.151154,-0.151154,-0.441118,-0.441118,-0.366168,-0.366168,-0.302822,-0.302822,-0.303891,-0.303891,-0.303891,-0.311636,-0.311636,-0.311636,-0.311636,-0.311636,-0.311636,-0.311636,-0.298191,-0.298191,-0.298191,-0.296873,-0.296873,-0.296873,-0.296873,-0.296873
1.65,-0.551502,-0.0513788,-0.0513788,-0.0513788,-0.0513788,-0.0513788,-0.0513788,-0.0513788,-0.33751,-0.33751,-0.261514,-0.261514,-0.210829,-0.210829,-0.211991,-0.211991,-0.211991,-0.221785,-0.221785,-0.221785,-0.221785,-0.221785,-0.221785,-0.221785,-0.208334,-0.208334,-0.208334,-0.208015,-0.208015,-0.208015,-0.208015,-0.208015
1.7,-0.463136,-0.548556,-0.548556,-0.548556,-0.548556,-0.548556,-0.548556,-0.548555,-0.827117,-0.827117,-0.745203,-0.745203,-0.714756,-0.714756,-0.718199,-0.718199,-0.718199,-0.747456,-0.747456,-0.747456,-0.747456,-0.747456,-0.747456,-0.747456,-0.701766,-0.701766,-0.701766,-0.704439,-0.704439,-0.704439,-0.704439,-0.704439
1.75,-0.352454,-0.373256,-0.373256,-0.373256,-0.373256,-0.373256,-0.373256,-0.373256,-0.636769,-0.636769,-0.554303,-0.554303,-0.542445,-0.542445,-0.546048,-0.546048,-0.546048,-0.575845,-0.575845,-0.575845,-0.575845,-0.575845,-0.575845,-0.575845,-0.528141,-0.528141,-0.528141,-0.530756,-0.530756,-0.530756,-0.530756,-0.530756
1.8,-0.217304,-0.166436,-0.166436,-0.166436,-0.166436,-0.166436,-0.166436,-0.166436,-0.40821,-0.40821,-0.3234,-0.3234,-0.332909,-0.332909,-0.336427,-0.336427,-0.336427,-0.364448,-0.364448,-0.364448,-0.364448,-0.364448,-0.364448,-0.364448,-0.316087,-0.316087,-0.316087,-0.317963,-0.317963,-0.317963,-0.317963,-0.317963
1.85,-0.0554479,0.0613419,0.0613419,0.0613419,0.0613419,0.0613419,0.0613419,0.0613422,-0.153448,-0.153448,-0.0651922,-0.0651922,-0.0970709,-0.0970709,-0.100868,-0.100868,-0.100868,-0.129655,-0.129655,-0.129655,-0.129655,-0.129655,-0.129655,-0.129655,-0.0810997,-0.0810997,-0.0810997,-0.0827759,-0.0827759,-0.0827759,-0.0827759,-0.0827759
1.9,0.135438,0.31741,0.31741,0.31741,0.31741,0.31741,0.31741,0.31741,0.140444,0.140444,0.224269,0.224269,0.171087,0.171087,0.167663,0.167663,0.167663,0.141065,0.141065,0.141065,0.141065,0.141065,0.141065,0.141065,0.187126,0.187126,0.187126,0.185616,0.185616,0.185616,0.185616,0.185616
1.95,0.357764,0.587859,0.587859,0.587859,0.587859,0.587859,0.587859,0.587859,0.453601,0.453601,0.537313,0.537313,0.459326,0.459326,0.456126,0.456126,0.456126,0.432488,0.432488,0.432488,0.432488,0.432488,0.432488,0.432488,0.476725,0.476725,0.476725,0.475507,0.475507,0.475507,0.475507,0.475507
2,0.614023,0.873671,0.873671,0.873671,0.873671,0.873671,0.873671,0.873671,0.788929,0.788929,0.869516,0.869516,0.770577,0.770577,0.767951,0.767951,0.767951,0.746616,0.746616,0.746616,0.746616,0.746616,0.746616,0.746616,0.787076,0.787076,0.787076,0.785733,0.785733,0.785733,0.785733,0.785733
2.05,0.906795,1.16766,1.16766,1.16766,1.16766,1.16766,1.16766,1.16766,1.14026,1.14026,1.21285,1.21285,1.09413,1.09413,1.09175,1.09175,1.09175,1.07336,1.07336,1.07336,1.07336,1.07336,1.07336,1.07336,1.109,1.109,1.109,1.10815,1.10815,1.10815,1.10815,1.10815
2.1,1.23875,1.46515,1.46515,1.46515,1.46515,1.46515,1.46515,1.46515,1.49786,1.49786,1.56492,1.56492,1.42577,1.42577,1.42397,1.42397,1.42397,1.41053,1.41053,1.41053,1.41053,1.41053,1.41053,1.41053,1.44131,1.44131,1.44131,1.44064,1.44064,1.44064,1.44064,1.44064
2.15,1.61263,1.75513,1.75513,1.75513,1.75513,1.75513,1.75513,1.75513,1.85313,1.85313,1.91122,1.91122,1.75598,1.75598,1.75483,1.75483,1.75483,1.74577,1.74577,1.74577,1.74577,1.74577,1.74577,1.74577,1.77042,1.77042,1.77042,1.76998,1.76998,1.76998,1.76998,1.76998
2.2,2.03128,2.03855,2.03855,2.03855,2.03855,2.03855,2.03855,2.03855,2.20455,2.20455,2.25117,2.25117,2.08233,2.08233,2.08205,2.08205,2.08205,2.07891,2.07891,2.07891,2.07891,2.07891,2.07891,2.07891,2.09641,2.09641,2.09641,2.0965,2.0965,2.0965,2.0965,2.0965
2.25,2.43113,2.30406,2.30406,2.30406,2.30406,2.30406,2.30406,2.30406,2.53927,2.53927,2.57458,2.57458,2.39325,2.39325,2.39379,2.39379,2.39379,2.39567,2.39567,2.39567,2.39567,2.39567,2.39567,2.39567,2.4054,2.4054,2.4054,2.40566,2.40566,2.40566,2.40566,2.40566
2.3,2.8165,2.54526,2.54526,2.54526,2.54526,2.54526,2.54526,2.54526,2.84971,2.84971,2.87161,2.87161,2.68092,2.68092,2.68217,2.68217,2.68217,2.6892,2.6892,2.6892,2.6892,2.6892,2.6892,2.6892,2.6914,2.6914,2.6914,2.6919,2.6919,2.6919,2.6919,2.6919
2.35,3.20212,2.76126,2.76126,2.76126,2.76126,2.76126,2.76126,2.76126,3.13222,3.13222,3.13978,3.13978,2.94219,2.94219,2.94392,2.94392,2.94392,2.95544,2.95544,2.95544,2.95544,2.95544,2.95544,2.95544,2.95048,2.95048,2.95048,2.95121,2.95121,2.95121,2.95121,2.95121
2.4,3.60424,2.94196,2.94196,2.94196,2.94196,2.94196,2.94196,2.94196,3.37611,3.37611,3.36867,3.36867,3.16629,3.16629,3.16837,3.16837,3.16837,3.18347,3.18347,3.18347,3.18347,3.18347,3.18347,3.18347,3.17192,3.17192,3.17192,3.17276,3.17276,3.17276,3.17276,3.17276
2.45,3.91003,3.08524,3.08524,3.08524,3.08524,3.08524,3.08524,3.08524,3.57811,3.57811,3.55289,3.55289,3.35028,3.35028,3.35268,3.35268,3.35268,3.37081,3.37081,3.37081,3.37081,3.37081,3.37081,3.37081,3.3533,3.3533,3.3533,3.35418,3.35418,3.35418,3.35418,3.35418
2.5,4.08033,3.18502,3.18502,3.18502,3.18502,3.18502,3.18502,3.18502,3.72743,3.72743,3.68556,3.68556,3.48256,3.48256,3.48524,3.48524,3.48524,3.50541,3.50541,3.50541,3.50541,3.50541,3.50541,3.50541,3.48181,3.48181,3.48181,3.48263,3.48263,3.48263,3.48263,3.48263
2.55,4.16283,3.24029,3.24029,3.24029,3.24029,3.24029,3.24029,3.24029,3.82269,3.82269,3.76459,3.76459,3.56161,3.56161,3.56448,3.56448,3.56448,3.58701,3.58701,3.58701,3.58701,3.58701,3.58701,3.58701,3.5582,3.5582,3.5582,3.55904,3.55904,3.55904,3.55904,3.55904
2.6,4.22164,3.24231,3.24231,3.24231,3.24231,3.24231,3.24231,3.24231,3.86606,3.86606,3.78688,3.78688,3.59046,3.59046,3.59335,3.59335,3.59335,3.6173,3.6173,3.6173,3.6173,3.6173,3.6173,3.6173,3.58445,3.58445,3.58445,3.58525,3.58525,3.58525,3.58525,3.58525
2.65,4.27011,3.19609,3.19609,3.19609,3.19609,3.19609,3.19609,3.19609,3.84345,3.84345,3.74804,3.74804,3.55546,3.55546,3.55798,3.55798,3.55798,3.57963,3.57963,3.57963,3.57963,3.57963,3.57963,3.57963,3.54259,3.54259,3.54259,3.54261,3.54261,3.54261,3.54261,3.54261
2.7,4.27442,3.10374,3.10374,3.10374,3.10374,3.10374,3.10374,3.10374,3.75416,3.75416,3.64555,3.64555,3.44209,3.44209,3.44469,3.44469,3.44469,3.46614,3.46614,3.46614,3.46614,3.46614,3.46614,3.46614,3.42737,3.42737,3.42737,3.42739,3.42739,3.42739,3.42739,3.42739
2.75,4.26605,2.97545,2.97545,2.97545,2.97545,2.97545,2.97545,2.97545,3.60712,3.60712,3.47415,3.47415,3.27718,3.27718,3.27976,3.27976,3.27976,3.30012,3.30012,3.30012,3.30012,3.30012,3.30012,3.30012,3.26135,3.26135,3.26135,3.26134,3.26134,3.26134,3.26134,3.26134
2.8,4.31914,2.80969,2.80969,2.80969,2.80969,2.80969,2.80969,2.80969,3.37673,3.37673,3.21957,3.21957,3.0538,3.0538,3.0559,3.0559,3.0559,3.07305,3.07305,3.07305,3.07305,3.07305,3.07305,3.07305,3.03438,3.03438,3.03438,3.03394,3.03394,3.03394,3.03394,3.03394
2.85,4.1902,2.55041,2.55041,2.55041,2.55041,2.55041,2.55041,2.55041,3.02288,3.02288,2.86625,2.86625,2.75615,2.75615,2.75855,2.75855,2.75855,2.77707,2.77707,2.77707,2.77707,2.77707,2.77707,2.77707,2.73917,2.73917,2.73917,2.73866,2.73866,2.73866,2.73866,2.73866
2.9,3.7571,2.24611,2.24611,2.24611,2.24611,2.24611,2.24611,2.24611,2.61705,2.61705,2.46607,2.46607,2.41747,2.41747,2.41963,2.41963,2.41963,2.4375,2.4375,2.4375,2.4375,2.4375,2.4375,2.4375,2.39898,2.39898,2.39898,2.39852,2.39852,2.39852,2.39852,2.39852
2.95,3.13532,1.89095,1.89095,1.89095,1.89095,1.89095,1.89095,1.89095,2.15858,2.15858,2.04014,2.04014,2.0214,2.0214,2.02358,2.02358,2.02358,2.04348,2.04348,2.04348,2.04348,2.04348,2.04348,2.04348,2.00403,2.00403,2.00403,2.004,2.004,2.004,2.004,2.004
3,2.52814,1.53859,1.53859,1.53859,1.53859,1.53859,1.53859,1.53859,1.73343,1.73343,1.61452,1.61452,1.63015,1.63015,1.63225,1.63225,1.63225,1.65045,1.65045,1.65045,1.65045,1.65045,1.65045,1.65045,1.615,1.615,1.615,1.61539,1.61539,1.61539,1.61539,1.61539
3.05,1.92534,1.15481,1.15481,1.15481,1.15481,1.15481,1.15481,1.15481,1.26819,1.26819,1.15493,1.15493,1.19888,1.19888,1.20046,1.20046,1.20046,1.21551,1.21551,1.21551,1.21551,1.21551,1.21551,1.21551,1.18608,1.18608,1.18608,1.18615,1.18615,1.18615,1.18615,1.18615
3.1,1.13148,0.731876,0.731876,0.731876,0.731876,0.731876,0.731876,0.731876,0.761716,0.761716,0.659153,0.659153,0.727053,0.727053,0.728301,0.728301,0.728301,0.742541,0.742541,0.742541,0.742541,0.742541,0.742541,0.742541,0.722469,0.722469,0.722469,0.722407,0.722407,0.722407,0.722407,0.722407
3.15,0.25898,0.298276,0.298276,0.298276,0.298276,0.298276,0.298276,0.298276,0.248793,0.248793,0.145316,0.145316,0.249456,0.249456,0.250195,0.250195,0.250195,0.259895,0.259895,0.259895,0.259895,0.259895,0.259895,0.259895,0.252024,0.252024,0.252024,0.251728,0.251728,0.251728,0.251728,0.251728
3.2,-0.54468,-0.161472,-0.161472,-0.161472,-0.161472,-0.161472,-0.161472,-0.161473,-0.293898,-0.293898,-0.385558,-0.385558,-0.246808,-0.246808,-0.246582,-0.246582,-0.246582,-0.242115,-0.242115,-0.242115,-0.242115,-0.242115,-0.242115,-0.242115,-0.236933,-0.236933,-0.236933,-0.237775,-0.237775,-0.237775,-0.237775,-0.237775
3.25,-1.24549,-0.627675,-0.627675,-0.627675,-0.627675,-0.627675,-0.627675,-0.627676,-0.837367,-0.837367,-0.914662,-0.914662,-0.749772,-0.749772,-0.749677,-0.749677,-0.749677,-0.748803,-0.748803,-0.748803,-0.748803,-0.748803,-0.748803,-0.748803,-0.729452,-0.729452,-0.729452,-0.730249,-0.730249,-0.730249,-0.730249,-0.730249
3.3,-2.06594,-1.10257,-1.10257,-1.10257,-1.10257,-1.10257,-1.10257,-1.10257,-1.37856,-1.37856,-1.45153,-1.45153,-1.2567,-1.2567,-1.25719,-1.25719,-1.25719,-1.26173,-1.26173,-1.26173,-1.26173,-1.26173,-1.26173,-1.26173,-1.23087,-1.23087,-1.23087,-1.23221,-1.23221,-1.23221,-1.23221,-1.23221
3.35,-2.92358,-1.59596,-1.59596,-1.59596,-1.59596,-1.59596,-1.59596,-1.59596,-1.93989,-1.93989,-2.00173,-2.00173,-1.77594,-1.77594,-1.77692,-1.77692,-1.77692,-1.78525,-1.78525,-1.78525,-1.78525,-1.78525,-1.78525,-1.78525,-1.74414,-1.74414,-1.74414,-1.74584,-1.74584,-1.74584,-1.74584,-1.74584
3.4,-3.59584,-2.08106,-2.08106,-2.08106,-2.08106,-2.08106,-2.08106,-2.08106,-2.4836,-2.4836,-2.53051,-2.53051,-2.28225,-2.28225,-2.2834,-2.2834,-2.2834,-2.29409,-2.29409,-2.29409,-2.29409,-2.29409,-2.29409,-2.29409,-2.24339,-2.24339,-2.24339,-2.24511,-2.24511,-2.24511,-2.24511,-2.24511
3.45,-4.17505,-2.54727,-2.54727,-2.54727,-2.54727,-2.54727,-2.54727,-2.54727,-2.99341,-2.99341,-3.02583,-3.02583,-2.76592,-2.76592,-2.76718,-2.76718,-2.76718,-2.78077,-2.78077,-2.78077,-2.78077,-2.78077,-2.78077,-2.78077,-2.7221,-2.7221,-2.7221,-2.72392,-2.72392,-2.72392,-2.72392,-2.72392
3.5,-4.91238,-2.99367,-2.99367,-2.99367,-2.99367,-2.99367,-2.99367,-2.99368,-3.46794,-3.46794,-3.48839,-3.48839,-3.22235,-3.22235,-3.22349,-3.22349,-3.22349,-3.2388,-3.2388,-3.2388,-3.2388,-3.2388,-3.2388,-3.2388,-3.17412,-3.17412,-3.17412,-3.17588,-3.17588,-3.17588,-3.17588,-3.17588
3.55,-5.70632,-3.41106,-3.41106,-3.41106,-3.41106,-3.41106,-3.41106,-3.41106,-3.90054,-3.90054,-3.90728,-3.90728,-3.64277,-3.64277,-3.64409,-3.64409,-3.64409,-3.65999,-3.65999,-3.65999,-3.65999,-3.65999,-3.65999,-3.65999,-3.59246,-3.59246,-3.59246,-3.59373,-3.59373,-3.59373,-3.59373,-3.59373
3.6,-6.20796,-3.78391,-3.78391,-3.78391,-3.78391,-3.78391,-3.78391,-3.78391,-4.27338,-4.27338,-4.26752,-4.26752,-4.01241,-4.01241,-4.014,-4.014,-4.014,-4.0299,-4.0299,-4.0299,-4.0299,-4.0299,-4.0299,-4.0299,-3.96229,-3.96229,-3.96229,-3.96307,-3.96307,-3.96307,-3.96307,-3.96307
3.65,-6.33302,-4.10504,-4.10504,-4.10504,-4.10504,-4.10504,-4.10504,-4.10504,-4.57976,-4.57976,-4.56196,-4.56196,-4.32304,-4.32304,-4.32523,-4.32523,-4.32523,-4.34078,-4.34078,-4.34078,-4.34078,-4.34078,-4.34078,-4.34078,-4.27642,-4.27642,-4.27642,-4.2769,-4.2769,-4.2769,-4.2769,-4.2769
3.7,-6.33375,-4.36425,-4.36425,-4.36425,-4.36425,-4.36425,-4.36425,-4.36425,-4.80865,-4.80865,-4.77782,-4.77782,-4.56543,-4.56543,-4.56791,-4.56791,-4.56791,-4.5829,-4.5829,-4.5829,-4.5829,-4.5829,-4.5829,-4.5829,-4.52478,-4.52478,-4.52478,-4.52545,-4.52545,-4.52545,-4.52545,-4.52545
3.75,-6.31289,-4.54809,-4.54809,-4.54809,-4.54809,-4.54809,-4.54809,-4.54809,-4.94906,-4.94906,-4.90768,-4.90768,-4.73045,-4.73045,-4.73284,-4.73284,-4.73284,-4.74795,-4.74795,-4.74795,-4.74795,-4.74795,-4.74795,-4.74795,-4.6993,-4.6993,-4.6993,-4.70026,-4.70026,-4.70026,-4.70026,-4.70026
3.8,-6.03297,-4.65434,-4.65434,-4.65434,-4.65434,-4.65434,-4.65434,-4.65434,-4.99959,-4.99959,-4.94907,-4.94907,-4.81052,-4.81052,-4.81275,-4.81275,-4.81275,-4.82844,-4.82844,-4.82844,-4.82844,-4.82844,-4.82844,-4.82844,-4.79199,-4.79199,-4.79199,-4.79308,-4.79308,-4.79308,-4.79308,-4.79308
3.85,-5.47658,-4.67594,-4.67594,-4.67594,-4.67594,-4.67594,-4.67594,-4.67594,-4.95539,-4.95539,-4.89452,-4.89452,-4.80161,-4.80161,-4.80344,-4.80344,-4.80344,-4.82037,-4.82037,-4.82037,-4.82037,-4.82037,-4.82037,-4.82037,-4.79879,-4.79879,-4.79879,-4.79989,-4.79989,-4.79989,-4.79989,-4.79989
3.9,-4.90314,-4.60097,-4.60097,-4.60097,-4.60097,-4.60097,-4.60097,-4.60097,-4.804,-4.804,-4.73583,-4.73583,-4.69363,-4.69363,-4.69549,-4.69549,-4.69549,-4.71307,-4.71307,-4.71307,-4.71307,-4.71307,-4.71307,-4.71307,-4.70742,-4.70742,-4.70742,-4.70769,-4.70769,-4.70769,-4.70769,-4.70769
3.95,-4.47239,-4.42381,-4.42381,-4.42381,-4.42381,-4.42381,-4.42381,-4.42381,-4.54978,-4.54978,-4.47684,-4.47684,-4.48516,-4.48516,-4.48734,-4.48734,-4.48734,-4.506,-4.506,-4.506,-4.506,-4.506,-4.506,-4.506,-4.51628,-4.51628,-4.51628,-4.51595,-4.51595,-4.51595,-4.51595,-4.51595
4,-4.34477,-4.14495,-4.14495,-4.14495,-4.14495,-4.14495,-4.14495,-4.14495,-4.19563,-4.19563,-4.11848,-4.11848,-4.17211,-4.17211,-4.17473,-4.17473,-4.17473,-4.19346,-4.19346,-4.19346,-4.19346,-4.19346,-4.19346,-4.19346,-4.21859,-4.21859,-4.21859,-4.21754,-4.21754,-4.21754,-4.21754,-4.21754
4.05,-4.20791,-3.76518,-3.76518,-3.76518,-3.76518,-3.76518,-3.76518,-3.76518,-3.74531,-3.74531,-3.66099,-3.66099,-3.7597,-3.7597,-3.76279,-3.76279,-3.76279,-3.78187,-3.78187,-3.78187,-3.78187,-3.78187,-3.78187,-3.78187,-3.81865,-3.81865,-3.81865,-3.817,-3.817,-3.817,-3.817,-3.817
4.1,-3.88394,-3.28457,-3.28457,-3.28457,-3.28457,-3.28457,-3.28457,-3.28457,-3.19693,-3.19693,-3.11031,-3.11031,-3.25006,-3.25006,-3.25323,-3.25323,-3.25323,-3.27247,-3.27247,-3.27247,-3.27247,-3.27247,-3.27247,-3.27247,-3.31856,-3.31856,-3.31856,-3.31656,-3.31656,-3.31656,-3.31656,-3.31656
4.15,-3.58755,-2.71286,-2.71286,-2.71286,-2.71286,-2.71286,-2.71286,-2.71286,-2.56917,-2.56917,-2.48061,-2.48061,-2.65355,-2.65355,-2.65646,-2.65646,-2.65646,-2.67511,-2.67511,-2.67511,-2.67511,-2.67511,-2.67511,-2.67511,-2.72766,-2.72766,-2.72766,-2.7254,-2.7254,-2.7254,-2.7254,-2.7254
4.2,-2.76997,-2.0541,-2.0541,-2.0541,-2.0541,-2.0541,-2.0541,-2.0541,-1.86798,-1.86798,-1.77751,-1.77751,-1.97299,-1.97299,-1.97522,-1.97522,-1.97522,-1.9925,-1.9925,-1.9925,-1.9925,-1.9925,-1.9925,-1.9925,-2.05029,-2.05029,-2.05029,-2.04857,-2.04857,-2.04857,-2.04857,-2.04857
4.25,-2.14118,-1.32637,-1.32637,-1.32637,-1.32637,-1.32637,-1.32637,-1.32637,-1.1117,-1.1117,-1.01856,-1.01856,-1.22817,-1.22817,-1.22978,-1.22978,-1.22978,-1.24477,-1.24477,-1.24477,-1.24477,-1.24477,-1.24477,-1.24477,-1.30601,-1.30601,-1.30601,-1.3047,-1.3047,-1.3047,-1.3047,-1.3047
4.3,-1.51396,-0.542299,-0.542299,-0.542299,-0.542299,-0.542299,-0.542299,-0.542298,-0.312311,-0.312311,-0.21762,-0.21762,-0.431743,-0.431743,-0.432917,-0.432917,-0.432917,-0.444207,-0.444207,-0.444207,-0.444207,-0.444207,-0.444207,-0.444207,-0.507926,-0.507926,-0.507926,-0.506862,-0.506862,-0.506862,-0.506862,-0.506862
4.35,-0.748764,0.275156,0.275156,0.275156,0.275156,0.275156,0.275156,0.275157,0.506647,0.506647,0.602449,0.602449,0.392901,0.392901,0.392188,0.392188,0.392188,0.386245,0.386245,0.386245,0.386245,0.386245,0.386245,0.386245,0.321896,0.321896,0.321896,0.323063,0.323063,0.323063,0.323063,0.323063
4.4,0.194366,1.10478,1.10478,1.10478,1.10478,1.10478,1.10478,1.10478,1.32653,1.32653,1.42253,1.42253,1.22577,1.22577,1.22541,1.22541,1.22541,1.22541,1.22541,1.22541,1.22541,1.22541,1.22541,1.22541,1.1622,1.1622,1.1622,1.16367,1.16367,1.16367,1.16367,1.16367
4.45,1.6102,1.91821,1.91821,1.91821,1.91821,1.91821,1.91821,1.91821,2.12231,2.12231,2.21738,2.21738,2.03823,2.03823,2.03841,2.03841,2.03841,2.04504,2.04504,2.04504,2.04504,2.04504,2.04504,2.04504,1.98547,1.98547,1.98547,1.98732,1.98732,1.98732,1.98732,1.98732
4.5,2.35731,2.68788,2.68788,2.68788,2.68788,2.68788,2.68788,2.68788,2.86945,2.86945,2.96109,2.96109,2.80353,2.80353,2.80436,2.80436,2.80436,2.81793,2.81793,2.81793,2.81793,2.81793,2.81793,2.81793,2.76474,2.76474,2.76474,2.76691,2.76691,2.76691,2.76691,2.76691
4.55,2.94081,3.38233,3.38233,3.38233,3.38233,3.38233,3.38233,3.38233,3.53898,3.53898,3.62486,3.62486,3.49075,3.49075,3.49253,3.49253,3.49253,3.51249,3.51249,3.51249,3.51249,3.51249,3.51249,3.51249,3.46716,3.46716,3.46716,3.46954,3.46954,3.46954,3.46954,3.46954
4.6,3.44984,3.97605,3.97605,3.97605,3.97605,3.97605,3.97605,3.97604,4.10752,4.10752,4.18477,4.18477,4.07468,4.07468,4.07779,4.07779,4.07779,4.10386,4.10386,4.10386,4.10386,4.10386,4.10386,4.10386,4.06718,4.06718,4.06718,4.0698,4.0698,4.0698,4.0698,4.0698
4.65,3.99236,4.45026,4.45026,4.45026,4.45026,4.45026,4.45026,4.45024,4.55819,4.55819,4.62384,4.62384,4.53723,4.53723,4.54151,4.54151,4.54151,4.57314,4.57314,4.57314,4.57314,4.57314,4.57314,4.57314,4.54457,4.54457,4.54457,4.54743,4.54743,4.54743,4.54743,4.54743
4.7,4.22361,4.78734,4.78734,4.78734,4.78734,4.78734,4.78734,4.78731,4.87557,4.87557,4.92674,4.92674,4.86088,4.86088,4.86606,4.86606,4.86606,4.902,4.902,4.902,4.902,4.902,4.902,4.902,4.88083,4.88083,4.88083,4.88353,4.88353,4.88353,4.88353,4.88353
4.75,4.56558,4.97532,4.97532,4.97532,4.97532,4.97532,4.97532,4.9753,5.04768,5.04768,5.08141,5.08141,5.03339,5.03339,5.03906,5.03906,5.03906,5.07801,5.07801,5.07801,5.07801,5.07801,5.07801,5.07801,5.06225,5.06225,5.06225,5.06445,5.06445,5.06445,5.06445,5.06445
4.8,4.42843,5.00848,5.00848,5.00848,5.00848,5.00848,5.00848,5.00846,5.06955,5.06955,5.08471,5.08471,5.05079,5.05079,5.05664,5.05664,5.05664,5.09738,5.09738,5.09738,5.09738,5.09738,5.09738,5.09738,5.08508,5.08508,5.08508,5.08662,5.08662,5.08662,5.08662,5.08662
4.85,4.47563,4.89342,4.89342,4.89342,4.89342,4.89342,4.89342,4.89341,4.94996,4.94996,4.94445,4.94445,4.91927,4.91927,4.92536,4.92536,4.92536,4.96626,4.96626,4.96626,4.96626,4.96626,4.96626,4.96626,4.95483,4.95483,4.95483,4.95623,4.95623,4.95623,4.95623,4.95623
4.9,4.71597,4.63746,4.63746,4.63746,4.63746,4.63746,4.63746,4.63746,4.69223,4.69223,4.66488,4.66488,4.64556,4.64556,4.6519,4.6519,4.6519,4.69136,4.69136,4.69136,4.69136,4.69136,4.69136,4.69136,4.67896,4.67896,4.67896,4.68058,4.68058,4.68058,4.68058,4.68058
4.95,4.5785,4.2573,4.2573,4.2573,4.2573,4.2573,4.2573,4.2573,4.3101,4.3101,4.26092,4.26092,4.24722,4.24722,4.25335,4.25335,4.25335,4.28984,4.28984,4.28984,4.28984,4.28984,4.28984,4.28984,4.2757,4.2757,4.2757,4.27755,4.27755,4.27755,4.27755,4.27755
5,3.97303,3.76788,3.76788,3.76788,3.76788,3.76788,3.76788,3.76788,3.81818,3.81818,3.74973,3.74973,3.74108,3.74108,3.7467,3.7467,3.7467,3.77872,3.77872,3.77872,3.77872,3.77872,3.77872,3.77872,3.76289,3.76289,3.76289,3.76479,3.76479,3.76479,3.76479,3.76479
5.05,3.46903,3.19442,3.19442,3.19442,3.19442,3.19442,3.19442,3.19442,3.24284,3.24284,3.15547,3.15547,3.15151,3.15151,3.15585,3.15585,3.15585,3.18268,3.18268,3.18268,3.18268,3.18268,3.18268,3.18268,3.16574,3.16574,3.16574,3.16717,3.16717,3.16717,3.16717,3.16717
5.1,2.85552,2.56586,2.56586,2.56586,2.56586,2.56586,2.56586,2.56586,2.60592,2.60592,2.50277,2.50277,2.50548,2.50548,2.50847,2.50847,2.50847,2.52921,2.52921,2.52921,2.52921,2.52921,2.52921,2.52921,2.51197,2.51197,2.51197,2.51294,2.51294,2.51294,2.51294,2.51294
5.15,2.02005,1.91257,1.91257,1.91257,1.91257,1.91257,1.91257,1.91257,1.93594,1.93594,1.82118,1.82118,1.83605,1.83605,1.838,1.838,1.838,1.85174,1.85174,1.85174,1.85174,1.85174,1.85174,1.85174,1.83506,1.83506,1.83506,1.83567,1.83567,1.83567,1.83567,1.83567
5.2,0.964864,1.25942,1.25942,1.25942,1.25942,1.25942,1.25942,1.25942,1.26083,1.26083,1.1412,1.1412,1.17007,1.17007,1.1712,1.1712,1.1712,1.17764,1.17764,1.17764,1.17764,1.17764,1.17764,1.17764,1.16123,1.16123,1.16123,1.16162,1.16162,1.16162,1.16162,1.16162
5.25,-0.09575,0.636111,0.636111,0.636111,0.636111,0.636111,0.636111,0.636111,0.612724,0.612724,0.490652,0.490652,0.536632,0.536632,0.537004,0.537004,0.537004,0.536106,0.536106,0.536106,0.536106,0.536106,0.536106,0.536106,0.519914,0.519914,0.519914,0.520158,0.520158,0.520158,0.520158,0.520158
5.3,-0.867722,0.0597691,0.0597691,0.0597691,0.0597691,0.0597691,0.0597691,0.0597689,0.00488833,0.00488833,-0.114991,-0.114991,-0.0472231,-0.0472231,-0.0477748,-0.0477748,-0.0477748,-0.0553399,-0.0553399,-0.0553399,-0.0553399,-0.0553399,-0.0553399,-0.0553399,-0.0710638,-0.0710638,-0.0710638,-0.071119,-0.071119,-0.071119,-0.071119,-0.071119
5.35,-1.40159,-0.452241,-0.452241,-0.452241,-0.452241,-0.452241,-0.452241,-0.452241,-0.543116,-0.543116,-0.656186,-0.656186,-0.562134,-0.562134,-0.563567,-0.563567,-0.563567,-0.576842,-0.576842,-0.576842,-0.576842,-0.576842,-0.576842,-0.576842,-0.59085,-0.59085,-0.59085,-0.591092,-0.591092,-0.591092,-0.591092,-0.591092
5.4,-1.69208,-0.886543,-0.886543,-0.886543,-0.886543,-0.886543,-0.886543,-0.886543,-1.01542,-1.01542,-1.118,-1.118,-0.99483,-0.99483,-0.997005,-0.997005,-0.997005,-1.01529,-1.01529,-1.01529,-1.01529,-1.01529,-1.01529,-1.01529,-1.0264,-1.0264,-1.0264,-1.02681,-1.02681,-1.02681,-1.02681,-1.02681
5.45,-2.07376,-1.23646,-1.23646,-1.23646,-1.23646,-1.23646,-1.23646,-1.23646,-1.40448,-1.40448,-1.49255,-1.49255,-1.33855,-1.33855,-1.34145,-1.34145,-1.34145,-1.36364,-1.36364,-1.36364,-1.36364,-1.36364,-1.36364,-1.36364,-1.37014,-1.37014,-1.37014,-1.37085,-1.37085,-1.37085,-1.37085,-1.37085
5.5,-2.87661,-1.49362,-1.49362,-1.49362,-1.49362,-1.49362,-1.49362,-1.49362,-1.69912,-1.69912,-1.76961,-1.76961,-1.58558,-1.58558,-1.58901,-1.58901,-1.58901,-1.61381,-1.61381,-1.61381,-1.61381,-1.61381,-1.61381,-1.61381,-1.61429,-1.61429,-1.61429,-1.61542,-1.61542,-1.61542,-1.61542,-1.61542
5.55,-2.99189,-1.66601,-1.66601,-1.66601,-1.66601,-1.66601,-1.66601,-1.66601,-1.90309,-1.90309,-1.95421,-1.95421,-1.74273,-1.74273,-1.74668,-1.74668,-1.74668,-1.77304,-1.77304,-1.77304,-1.77304,-1.77304,-1.77304,-1.77304,-1.7677,-1.7677,-1.7677,-1.76942,-1.76942,-1.76942,-1.76942,-1.76942
5.6,-2.89799,-1.76524,-1.76524,-1.76524,-1.76524,-1.76524,-1.76524,-1.76524,-2.02422,-2.02422,-2.05598,-2.05598,-1.82199,-1.82199,-1.82618,-1.82618,-1.82618,-1.85277,-1.85277,-1.85277,-1.85277,-1.85277,-1.85277,-1.85277,-1.84207,-1.84207,-1.84207,-1.84433,-1.84433,-1.84433,-1.84433,-1.84433
5.65,-3.17374,-1.80387,-1.80387,-1.80387,-1.80387,-1.80387,-1.80387,-1.80387,-2.07318,-2.07318,-2.08613,-2.08613,-1.83665,-1.83665,-1.84058,-1.84058,-1.84058,-1.86605,-1.86605,-1.86605,-1.86605,-1.86605,-1.86605,-1.86605,-1.85075,-1.85075,-1.85075,-1.85334,-1.85334,-1.85334,-1.85334,-1.85334
5.7,-2.42394,-1.79715,-1.79715,-1.79715,-1.79715,-1.79715,-1.79715,-1.79715,-2.06195,-2.06195,-2.05737,-2.05737,-1.80117,-1.80117,-1.80444,-1.80444,-1.80444,-1.82791,-1.82791,-1.82791,-1.82791,-1.82791,-1.82791,-1.82791,-1.80924,-1.80924,-1.80924,-1.81157,-1.81157,-1.81157,-1.81157,-1.81157
5.75,-1.19446,-1.76207,-1.76207,-1.76207,-1.76207,-1.76207,-1.76207,-1.76207,-2.00663,-2.00663,-1.9868,-1.9868,-1.73637,-1.73637,-1.73901,-1.73901,-1.73901,-1.75992,-1.75992,-1.75992,-1.75992,-1.75992,-1.75992,-1.75992,-1.73795,-1.73795,-1.73795,-1.73982,-1.73982,-1.73982,-1.73982,-1.73982
5.8,-0.800483,-1.71469,-1.71469,-1.71469,-1.71469,-1.71469,-1.71469,-1.71469,-1.92665,-1.92665,-1.89576,-1.89576,-1.65881,-1.65881,-1.66088,-1.66088,-1.66088,-1.67872,-1.67872,-1.67872,-1.67872,-1.67872,-1.67872,-1.67872,-1.65376,-1.65376,-1.65376,-1.65518,-1.65518,-1.65518,-1.65518,-1.65518
5.85,-0.829581,-1.6692,-1.6692,-1.6692,-1.6692,-1.6692,-1.6692,-1.6692,-1.8364,-1.8364,-1.79591,-1.79591,-1.58386,-1.58386,-1.58535,-1.58535,-1.58535,-1.59988,-1.59988,-1.59988,-1.59988,-1.59988,-1.59988,-1.59988,-1.57245,-1.57245,-1.57245,-1.57332,-1.57332,-1.57332,-1.57332,-1.57332
5.9,-0.0116774,-1.6401,-1.6401,-1.6401,-1.6401,-1.6401,-1.6401,-1.6401,-1.74951,-1.74951,-1.70288,-1.70288,-1.52637,-1.52637,-1.5273,-1.5273,-1.5273,-1.53831,-1.53831,-1.53831,-1.53831,-1.53831,-1.53831,-1.53831,-1.50877,-1.50877,-1.50877,-1.50918,-1.50918,-1.50918,-1.50918,-1.50918
5.95,-0.185836,-1.63403,-1.63403,-1.63403,-1.63403,-1.63403,-1.63403,-1.63403,-1.67554,-1.67554,-1.62643,-1.62643,-1.49626,-1.49626,-1.49673,-1.49673,-1.49673,-1.50453,-1.50453,-1.50453,-1.50453,-1.50453,-1.50453,-1.50453,-1.47332,-1.47332,-1.47332,-1.47314,-1.47314,-1.47314,-1.47314,-1.47314
6,0.0490663,-1.65552,-1.65552,-1.65552,-1.65552,-1.65552,-1.65552,-1.65552,-1.62424,-1.62424,-1.57638,-1.57638,-1.49881,-1.49881,-1.49894,-1.49894,-1.49894,-1.50388,-1.50388,-1.50388,-1.50388,-1.50388,-1.50388,-1.50388,-1.47091,-1.47091,-1.47091,-1.47049,-1.47049,-1.47049,-1.47049,-1.47049
6.05,-0.0473436,-1.70553,-1.70553,-1.70553,-1.70553,-1.70553,-1.70553,-1.70553,-1.59973,-1.59973,-1.55524,-1.55524,-1.53608,-1.53608,-1.53615,-1.53615,-1.53615,-1.53887,-1.53887,-1.53887,-1.53887,-1.53887,-1.53887,-1.53887,-1.50402,-1.50402,-1.50402,-1.50362,-1.50362,-1.50362,-1.50362,-1.50362
6.1,-0.341567,-1.78327,-1.78327,-1.78327,-1.78327,-1.78327,-1.78327,-1.78327,-1.60266,-1.60266,-1.56348,-1.56348,-1.60636,-1.60636,-1.6065,-1.6065,-1.6065,-1.60762,-1.60762,-1.60762,-1.60762,-1.60762,-1.60762,-1.60762,-1.57085,-1.57085,-1.57085,-1.57045,-1.57045,-1.57045,-1.57045,-1.57045
6.15,-0.746199,-1.87708,-1.87708,-1.87708,-1.87708,-1.87708,-1.87708,-1.87708,-1.62725,-1.62725,-1.59475,-1.59475,-1.70191,-1.70191,-1.70223,-1.70223,-1.70223,-1.70251,-1.70251,-1.70251,-1.70251,-1.70251,-1.70251,-1.70251,-1.66422,-1.66422,-1.66422,-1.66377,-1.66377,-1.66377,-1.66377,-1.66377
6.2,-0.354186,-1.9754,-1.9754,-1.9754,-1.9754,-1.9754,-1.9754,-1.97541,-1.66638,-1.66638,-1.64073,-1.64073,-1.81011,-1.81011,-1.81062,-1.81062,-1.81062,-1.81096,-1.81096,-1.81096,-1.81096,-1.81096,-1.81096,-1.81096,-1.77191,-1.77191,-1.77191,-1.77122,-1.77122,-1.77122,-1.77122,-1.77122
6.25,-1.2308,-2.06549,-2.06549,-2.06549,-2.06549,-2.06549,-2.06549,-2.06549,-1.70981,-1.70981,-1.69109,-1.69109,-1.91807,-1.91807,-1.91878,-1.91878,-1.91878,-1.92001,-1.92001,-1.92001,-1.92001,-1.92001,-1.92001,-1.92001,-1.88112,-1.88112,-1.88112,-1.88023,-1.88023,-1.88023,-1.88023,-1.88023
6.3,-1.58617,-2.13106,-2.13106,-2.13106,-2.13106,-2.13106,-2.13106,-2.13106,-1.74382,-1.74382,-1.73159,-1.73159,-2.00883,-2.00883,-2.0098,-2.0098,-2.0098,-2.01239,-2.01239,-2.01239,-2.01239,-2.01239,-2.01239,-2.01239,-1.9745,-1.9745,-1.9745,-1.97355,-1.97355,-1.97355,-1.97355,-1.97355
6.35,-1.60178,-2.15661,-2.15661,-2.15661,-2.15661,-2.15661,-2.15661,-2.15661,-1.75474,-1.75474,-1.74785,-1.74785,-2.06595,-2.06595,-2.0672,-2.0672,-2.0672,-2.07136,-2.07136,-2.07136,-2.07136,-2.07136,-2.07136,-2.07136,-2.03491,-2.03491,-2.03491,-2.03393,-2.03393,-2.03393,-2.03393,-2.03393
6.4,-1.97808,-2.12853,-2.12853,-2.12853,-2.12853,-2.12853,-2.12853,-2.12853,-1.7298,-1.7298,-1.72666,-1.72666,-2.07447,-2.07447,-2.07599,-2.07599,-2.07599,-2.08167,-2.08167,-2.08167,-2.08167,-2.08167,-2.08167,-2.08167,-2.04715,-2.04715,-2.04715,-2.04612,-2.04612,-2.04612,-2.04612,-2.04612
6.45,-2.29523,-2.0358,-2.0358,-2.0358,-2.0358,-2.0358,-2.0358,-2.0358,-1.65783,-1.65783,-1.65659,-1.65659,-2.02179,-2.02179,-2.02351,-2.02351,-2.02351,-2.03041,-2.03041,-2.03041,-2.03041,-2.03041,-2.03041,-2.03041,-1.99834,-1.99834,-1.99834,-1.99723,-1.99723,-1.99723,-1.99723,-1.99723
6.5,-2.10315,-1.87099,-1.87099,-1.87099,-1.87099,-1.87099,-1.87099,-1.87099,-1.53031,-1.53031,-1.52905,-1.52905,-1.8987,-1.8987,-1.90053,-1.90053,-1.90053,-1.90814,-1.90814,-1.90814,-1.90814,-1.90814,-1.90814,-1.90814,-1.87906,-1.87906,-1.87906,-1.87784,-1.87784,-1.87784,-1.87784,-1.87784
6.55,-1.93377,-1.63093,-1.63093,-1.63093,-1.63093,-1.63093,-1.63093,-1.63093,-1.34219,-1.34219,-1.33904,-1.33904,-1.70024,-1.70024,-1.70206,-1.70206,-1.70206,-1.70969,-1.70969,-1.70969,-1.70969,-1.70969,-1.70969,-1.70969,-1.68415,-1.68415,-1.68415,-1.68279,-1.68279,-1.68279,-1.68279,-1.68279
6.6,-1.40838,-1.31307,-1.31307,-1.31307,-1.31307,-1.31307,-1.31307,-1.31307,-1.09235,-1.09235,-1.08569,-1.08569,-1.42549,-1.42549,-1.42711,-1.42711,-1.42711,-1.43387,-1.43387,-1.43387,-1.43387,-1.43387,-1.43387,-1.43387,-1.41233,-1.41233,-1.41233,-1.4108,-1.4108,-1.4108,-1.4108,-1.4108
6.65,-0.68898,-0.925887,-0.925887,-0.925887,-0.925887,-0.925887,-0.925887,-0.925887,-0.783749,-0.783749,-0.770637,-0.770637,-1.07625,-1.07625,-1.07749,-1.07749,-1.07749,-1.08271,-1.08271,-1.08271,-1.08271,-1.08271,-1.08271,-1.08271,-1.06562,-1.06562,-1.06562,-1.06403,-1.06403,-1.06403,-1.06403,-1.06403
6.7,-0.574571,-0.477111,-0.477111,-0.477111,-0.477111,-0.477111,-0.477111,-0.47711,-0.41558,-0.41558,-0.396786,-0.396786,-0.659949,-0.659949,-0.66083,-0.66083,-0.66083,-0.663784,-0.663784,-0.663784,-0.663784,-0.663784,-0.663784,-0.663784,-0.651102,-0.651102,-0.651102,-0.649596,-0.649596,-0.649596,-0.649596,-0.649596
6.75,-0.047105,0.0238877,0.0238877,0.0238877,0.0238877,0.0238877,0.0238877,0.0238884,0.00234435,0.00234435,0.0272678,0.0272678,-0.184757,-0.184757,-0.185082,-0.185082,-0.185082,-0.184677,-0.184677,-0.184677,-0.184677,-0.184677,-0.184677,-0.184677,-0.175871,-0.175871,-0.175871,-0.174494,-0.174494,-0.174494,-0.174494,-0.174494
6.8,1.45906,0.555245,0.555245,0.555245,0.555245,0.555245,0.555245,0.555246,0.452161,0.452161,0.482936,0.482936,0.32853,0.32853,0.328877,0.328877,0.328877,0.332778,0.332778,0.332778,0.332778,0.332778,0.332778,0.332778,0.337994,0.337994,0.337994,0.339179,0.339179,0.339179,0.339179,0.339179
6.85,2.24921,1.09468,1.09468,1.09468,1.09468,1.09468,1.09468,1.09468,0.915104,0.915104,0.950952,0.950952,0.858418,0.858418,0.859556,0.859556,0.859556,0.867159,0.867159,0.867159,0.867159,0.867159,0.867159,0.867159,0.869207,0.869207,0.869207,0.870241,0.870241,0.870241,0.870241,0.870241
6.9,2.48662,1.62068,1.62068,1.62068,1.62068,1.62068,1.62068,1.62069,1.37288,1.37288,1.41256,1.41256,1.38378,1.38378,1.38577,1.38577,1.38577,1.39702,1.39702,1.39702,1.39702,1.39702,1.39702,1.39702,1.39639,1.39639,1.39639,1.39733,1.39733,1.39733,1.39733,1.39733
6.95,3.39497,2.11193,2.11193,2.11193,2.11193,2.11193,2.11193,2.11193,1.80691,1.80691,1.84882,1.84882,1.88331,1.88331,1.88612,1.88612,1.88612,1.90072,1.90072,1.90072,1.90072,1.90072,1.90072,1.90072,1.89796,1.89796,1.89796,1.89889,1.89889,1.89889,1.89889,1.89889
7,4.11263,2.54839,2.54839,2.54839,2.54839,2.54839,2.54839,2.54839,2.19934,2.19934,2.24159,2.24159,2.33667,2.33667,2.34019,2.34019,2.34019,2.35759,2.35759,2.35759,2.35759,2.35759,2.35759,2.35759,2.3533,2.3533,2.3533,2.35428,2.35428,2.35428,2.35428,2.35428
7.05,4.36189,2.91234,2.91234,2.91234,2.91234,2.91234,2.91234,2.91234,2.53399,2.53399,2.57455,2.57455,2.72549,2.72549,2.72955,2.72955,2.72955,2.74898,2.74898,2.74898,2.74898,2.74898,2.74898,2.74898,2.7438,2.7438,2.7438,2.74489,2.74489,2.74489,2.74489,2.74489
7.1,4.8052,3.19106,3.19106,3.19106,3.19106,3.19106,3.19106,3.19106,2.7971,2.7971,2.83393,2.83393,3.03533,3.03533,3.03972,3.03972,3.03972,3.06041,3.06041,3.06041,3.06041,3.06041,3.06041,3.06041,3.05508,3.05508,3.05508,3.05637,3.05637,3.05637,3.05637,3.05637
7.15,5.2288,3.37124,3.37124,3.37124,3.37124,3.37124,3.37124,3.37124,2.97916,2.97916,3.01081,3.01081,3.25551,3.25551,3.25997,3.25997,3.25997,3.28083,3.28083,3.28083,3.28083,3.28083,3.28083,3.28083,3.27615,3.27615,3.27615,3.27754,3.27754,3.27754,3.27754,3.27754
7.2,5.72347,3.4448,3.4448,3.4448,3.4448,3.4448,3.4448,3.4448,3.07259,3.07259,3.09639,3.09639,3.3742,3.3742,3.37814,3.37814,3.37814,3.39751,3.39751,3.39751,3.39751,3.39751,3.39751,3.39751,3.39443,3.39443,3.39443,3.39544,3.39544,3.39544,3.39544,3.39544
7.25,6.27008,3.40263,3.40263,3.40263,3.40263,3.40263,3.40263,3.40263,3.06557,3.06557,3.07995,3.07995,3.38027,3.38027,3.38354,3.38354,3.38354,3.40038,3.40038,3.40038,3.40038,3.40038,3.40038,3.40038,3.39934,3.39934,3.39934,3.39992,3.39992,3.39992,3.39992,3.39992
7.3,5.93095,3.24811,3.24811,3.24811,3.24811,3.24811,3.24811,3.24811,2.95974,2.95974,2.9634,2.9634,3.27533,3.27533,3.27783,3.27783,3.27783,3.29115,3.29115,3.29115,3.29115,3.29115,3.29115,3.29115,3.29221,3.29221,3.29221,3.29235,3.29235,3.29235,3.29235,3.29235
7.35,4.93622,2.98646,2.98646,2.98646,2.98646,2.98646,2.98646,2.98646,2.75785,2.75785,2.7499,2.7499,3.06277,3.06277,3.06447,3.06447,3.06447,3.07347,3.07347,3.07347,3.07347,3.07347,3.07347,3.07347,3.07644,3.07644,3.07644,3.07618,3.07618,3.07618,3.07618,3.07618
7.4,3.56548,2.62685,2.62685,2.62685,2.62685,2.62685,2.62685,2.62685,2.4661,2.4661,2.44616,2.44616,2.74994,2.74994,2.75088,2.75088,2.75088,2.75501,2.75501,2.75501,2.75501,2.75501,2.75501,2.75501,2.75947,2.75947,2.75947,2.75889,2.75889,2.75889,2.75889,2.75889
7.45,1.90444,2.18199,2.18199,2.18199,2.18199,2.18199,2.18199,2.18199,2.09391,2.09391,2.06211,2.06211,2.34782,2.34782,2.34806,2.34806,2.34806,2.34708,2.34708,2.34708,2.34708,2.34708,2.34708,2.34708,2.35239,2.35239,2.35239,2.35161,2.35161,2.35161,2.35161,2.35161
7.5,0.942796,1.66769,1.66769,1.66769,1.66769,1.66769,1.66769,1.66769,1.65354,1.65354,1.61058,1.61058,1.87059,1.87059,1.87026,1.87026,1.87026,1.86424,1.86424,1.86424,1.86424,1.86424,1.86424,1.86424,1.86955,1.86955,1.86955,1.8687,1.8687,1.8687,1.8687,1.8687
7.55,0.207007,1.1023,1.1023,1.1023,1.1023,1.1023,1.1023,1.1023,1.15977,1.15977,1.10688,1.10688,1.33517,1.33517,1.33439,1.33439,1.33439,1.32373,1.32373,1.32373,1.32373,1.32373,1.32373,1.32373,1.32803,1.32803,1.32803,1.32726,1.32726,1.32726,1.32726,1.32726
7.6,-1.15172,0.500377,0.500377,0.500377,0.500377,0.500377,0.500377,0.500377,0.629456,0.629456,0.568419,0.568419,0.757927,0.757927,0.756694,0.756694,0.756694,0.741973,0.741973,0.741973,0.741973,0.741973,0.741973,0.741973,0.743804,0.743804,0.743804,0.74316,0.74316,0.74316,0.74316,0.74316
7.65,-1.59902,-0.112582,-0.112582,-0.112582,-0.112582,-0.112582,-0.112582,-0.112581,0.0767737,0.0767737,0.0081568,0.0081568,0.156447,0.156447,0.154717,0.154717,0.154717,0.137079,0.137079,0.137079,0.137079,0.137079,0.137079,0.137079,0.134954,0.134954,0.134954,0.134486,0.134486,0.134486,0.134486,0.134486
7.7,-2.48641,-0.714456,-0.714456,-0.714456,-0.714456,-0.714456,-0.714456,-0.714456,-0.48083,-0.48083,-0.552008,-0.552008,-0.444349,-0.444349,-0.446562,-0.446562,-0.446562,-0.466008,-0.466008,-0.466008,-0.466008,-0.466008,-0.466008,-0.466008,-0.473255,-0.473255,-0.473255,-0.473605,-0.473605,-0.473605,-0.473605,-0.473605
7.75,-3.10064,-1.2794,-1.2794,-1.2794,-1.2794,-1.2794,-1.2794,-1.2794,-1.01637,-1.01637,-1.08679,-1.08679,-1.01873,-1.01873,-1.02122,-1.02122,-1.02122,-1.04112,-1.04112,-1.04112,-1.04112,-1.04112,-1.04112,-1.04112,-1.05416,-1.05416,-1.05416,-1.05438,-1.05438,-1.05438,-1.05438,-1.05438
7.8,-3.45821,-1.78202,-1.78202,-1.78202,-1.78202,-1.78202,-1.78202,-1.78202,-1.50533,-1.50533,-1.57174,-1.57174,-1.5409,-1.5409,-1.54344,-1.54344,-1.54344,-1.56261,-1.56261,-1.56261,-1.56261,-1.56261,-1.56261,-1.56261,-1.5817,-1.5817,-1.5817,-1.58176,-1.58176,-1.58176,-1.58176,-1.58176
7.85,-4.08727,-2.20192,-2.20192,-2.20192,-2.20192,-2.20192,-2.20192,-2.20192,-1.92738,-1.92738,-1.98668,-1.98668,-1.98963,-1.98963,-1.99197,-1.99197,-1.99197,-2.0093,-2.0093,-2.0093,-2.0093,-2.0093,-2.0093,-2.0093,-2.03435,-2.03435,-2.03435,-2.03421,-2.03421,-2.03421,-2.03421,-2.03421
7.9,-4.29796,-2.522,-2.522,-2.522,-2.522,-2.522,-2.522,-2.522,-2.26451,-2.26451,-2.31393,-2.31393,-2.34655,-2.34655,-2.34845,-2.34845,-2.34845,-2.363,-2.363,-2.363,-2.363,-2.363,-2.363,-2.363,-2.39356,-2.39356,-2.39356,-2.3932,-2.3932,-2.3932,-2.3932,-2.3932
7.95,-3.43622,-2.72939,-2.72939,-2.72939,-2.72939,-2.72939,-2.72939,-2.72939,-2.50206,-2.50206,-2.53931,-2.53931,-2.59717,-2.59717,-2.59841,-2.59841,-2.59841,-2.60942,-2.60942,-2.60942,-2.60942,-2.60942,-2.60942,-2.60942,-2.64473,-2.64473,-2.64473,-2.64409,-2.64409,-2.64409,-2.64409,-2.64409
8,-2.84236,-2.81618,-2.81618,-2.81618,-2.81618,-2.81618,-2.81618,-2.81618,-2.62957,-2.62957,-2.653,-2.653,-2.73168,-2.73168,-2.73209,-2.73209,-2.73209,-2.73905,-2.73905,-2.73905,-2.73905,-2.73905,-2.73905,-2.73905,-2.77799,-2.77799,-2.77799,-2.77705,-2.77705,-2.77705,-2.77705,-2.77705
8.05,-4.13976,-2.78002,-2.78002,-2.78002,-2.78002,-2.78002,-2.78002,-2.78002,-2.64156,-2.64156,-2.65023,-2.65023,-2.74564,-2.74564,-2.74511,-2.74511,-2.74511,-2.74779,-2.74779,-2.74779,-2.74779,-2.74779,-2.74779,-2.74779,-2.78896,-2.78896,-2.78896,-2.78769,-2.78769,-2.78769,-2.78769,-2.78769
8.1,-3.73678,-2.62286,-2.62286,-2.62286,-2.62286,-2.62286,-2.62286,-2.62286,-2.53805,-2.53805,-2.5318,-2.5318,-2.63941,-2.63941,-2.63807,-2.63807,-2.63807,-2.63633,-2.63633,-2.63633,-2.63633,-2.63633,-2.63633,-2.63633,-2.67761,-2.67761,-2.67761,-2.67617,-2.67617,-2.67617,-2.67617,-2.67617
8.15,-2.43023,-2.35496,-2.35496,-2.35496,-2.35496,-2.35496,-2.35496,-2.35496,-2.32313,-2.32313,-2.30197,-2.30197,-2.41936,-2.41936,-2.41748,-2.41748,-2.41748,-2.41146,-2.41146,-2.41146,-2.41146,-2.41146,-2.41146,-2.41146,-2.45039,-2.45039,-2.45039,-2.44889,-2.44889,-2.44889,-2.44889,-2.44889
8.2,-2.67414,-1.99125,-1.99125,-1.99125,-1.99125,-1.99125,-1.99125,-1.99126,-2.00776,-2.00776,-1.97355,-1.97355,-2.09921,-2.09921,-2.09698,-2.09698,-2.09698,-2.0871,-2.0871,-2.0871,-2.0871,-2.0871,-2.0871,-2.0871,-2.12133,-2.12133,-2.12133,-2.11989,-2.11989,-2.11989,-2.11989,-2.11989
8.25,-2.0462,-1.55489,-1.55489,-1.55489,-1.55489,-1.55489,-1.55489,-1.55489,-1.61242,-1.61242,-1.56736,-1.56736,-1.70049,-1.70049,-1.69801,-1.69801,-1.69801,-1.68506,-1.68506,-1.68506,-1.68506,-1.68506,-1.68506,-1.68506,-1.71282,-1.71282,-1.71282,-1.71155,-1.71155,-1.71155,-1.71155,-1.71155
8.3,-2.72964,-1.07164,-1.07164,-1.07164,-1.07164,-1.07164,-1.07164,-1.07164,-1.16029,-1.16029,-1.10728,-1.10728,-1.24763,-1.24763,-1.24502,-1.24502,-1.24502,-1.22994,-1.22994,-1.22994,-1.22994,-1.22994,-1.22994,-1.22994,-1.25007,-1.25007,-1.25007,-1.24901,-1.24901,-1.24901,-1.24901,-1.24901
8.35,-2.40147,-0.568728,-0.568728,-0.568728,-0.568728,-0.568728,-0.568728,-0.568729,-0.676851,-0.676851,-0.619237,-0.619237,-0.766939,-0.766939,-0.764303,-0.764303,-0.764303,-0.74813,-0.74813,-0.74813,-0.74813,-0.74813,-0.74813,-0.74813,-0.760005,-0.760005,-0.760005,-0.759177,-0.759177,-0.759177,-0.759177,-0.759177
8.4,-1.53251,-0.0741027,-0.0741027,-0.0741027,-0.0741027,-0.0741027,-0.0741027,-0.0741032,-0.189257,-0.189257,-0.130635,-0.130635,-0.28591,-0.28591,-0.283351,-0.283351,-0.283351,-0.267146,-0.267146,-0.267146,-0.267146,-0.267146,-0.267146,-0.267146,-0.270697,-0.270697,-0.270697,-0.270082,-0.270082,-0.270082,-0.270082,-0.270082
8.45,-0.91487,0.385194,0.385194,0.385194,0.385194,0.385194,0.385194,0.385194,0.275267,0.275267,0.331306,0.331306,0.16843,0.16843,0.17083,0.17083,0.17083,0.186065,0.186065,0.186065,0.186065,0.186065,0.186065,0.186065,0.190358,0.190358,0.190358,0.190799,0.190799,0.190799,0.190799,0.190799
8.5,0.640308,0.784699,0.784699,0.784699,0.784699,0.784699,0.784699,0.7847,0.691129,0.691129,0.741229,0.741229,0.57121,0.57121,0.573388,0.573388,0.573388,0.58678,0.58678,0.58678,0.58678,0.58678,0.58678,0.58678,0.597938,0.597938,0.597938,0.598259,0.598259,0.598259,0.598259,0.598259
8.55,0.687106,1.10408,1.10408,1.10408,1.10408,1.10408,1.10408,1.10408,1.03599,1.03599,1.07726,1.07726,0.901285,0.901285,0.903197,0.903197,0.903197,0.914069,0.914069,0.914069,0.914069,0.914069,0.914069,0.914069,0.930699,0.930699,0.930699,0.930962,0.930962,0.930962,0.930962,0.930962
8.6,1.7311,1.32899,1.32899,1.32899,1.32899,1.32899,1.32899,1.32899,1.29224,1.29224,1.32246,1.32246,1.14242,1.14242,1.14402,1.14402,1.14402,1.15195,1.15195,1.15195,1.15195,1.15195,1.15195,1.15195,1.17233,1.17233,1.17233,1.17257,1.17257,1.17257,1.17257,1.17257
8.65,1.94418,1.45083,1.45083,1.45083,1.45083,1.45083,1.45083,1.45083,1.44907,1.44907,1.46704,1.46704,1.28542,1.28542,1.28662,1.28662,1.28662,1.29152,1.29152,1.29152,1.29152,1.29152,1.29152,1.29152,1.31373,1.31373,1.31373,1.31395,1.31395,1.31395,1.31395,1.31395
8.7,2.05304,1.4684,1.4684,1.4684,1.4684,1.4684,1.4684,1.4684,1.50196,1.50196,1.50703,1.50703,1.32795,1.32795,1.32868,1.32868,1.32868,1.33078,1.33078,1.33078,1.33078,1.33078,1.33078,1.33078,1.35254,1.35254,1.35254,1.35268,1.35268,1.35268,1.35268,1.35268
8.75,2.84192,1.3872,1.3872,1.3872,1.3872,1.3872,1.3872,1.38721,1.45302,1.45302,1.44553,1.44553,1.27409,1.27409,1.27435,1.27435,1.27435,1.27397,1.27397,1.27397,1.27397,1.27397,1.27397,1.27397,1.29332,1.29332,1.29332,1.29338,1.29338,1.29338,1.29338,1.29338
8.8,1.43515,1.21826,1.21826,1.21826,1.21826,1.21826,1.21826,1.21827,1.31025,1.31025,1.29137,1.29137,1.13352,1.13352,1.13337,1.13337,1.13337,1.13096,1.13096,1.13096,1.13096,1.13096,1.13096,1.13096,1.14642,1.14642,1.14642,1.14643,1.14643,1.14643,1.14643,1.14643
8.85,0.535807,0.978295,0.978295,0.978295,0.978295,0.978295,0.978295,0.978297,1.08793,1.08793,1.05957,1.05957,0.921792,0.921792,0.921322,0.921322,0.921322,0.917376,0.917376,0.917376,0.917376,0.917376,0.917376,0.917376,0.927979,0.927979,0.927979,0.927947,0.927947,0.927947,0.927947,0.927947
8.9,0.758951,0.68836,0.68836,0.68836,0.68836,0.68836,0.68836,0.688361,0.805363,0.805363,0.77008,0.77008,0.658996,0.658996,0.658306,0.658306,0.658306,0.653323,0.653323,0.653323,0.653323,0.653323,0.653323,0.653323,0.658633,0.658633,0.658633,0.658582,0.658582,0.658582,0.658582,0.658582
8.95,0.306755,0.372326,0.372326,0.372326,0.372326,0.372326,0.372326,0.372328,0.485565,0.485565,0.446309,0.446309,0.36826,0.36826,0.367453,0.367453,0.367453,0.361879,0.361879,0.361879,0.361879,0.361879,0.361879,0.361879,0.362003,0.362003,0.362003,0.361946,0.361946,0.361946,0.361946,0.361946
9,-0.579546,0.0551347,0.0551347,0.0551347,0.0551347,0.0551347,0.0551347,0.0551356,0.153535,0.153535,0.113462,0.113462,0.0740304,0.0740304,0.0732023,0.0732023,0.0732023,0.0673882,0.0673882,0.0673882,0.0673882,0.0673882,0.0673882,0.0673882,0.0629336,0.0629336,0.0629336,0.062877,0.062877,0.062877,0.062877,0.062877
9.05,-0.576818,-0.23912,-0.23912,-0.23912,-0.23912,-0.23912,-0.23912,-0.23912,-0.165541,-0.165541,-0.203305,-0.203305,-0.199742,-0.199742,-0.200518,-0.200518,-0.200518,-0.206339,-0.206339,-0.206339,-0.206339,-0.206339,-0.206339,-0.206339,-0.214346,-0.214346,-0.214346,-0.2144,-0.2144,-0.2144,-0.2144,-0.2144
9.1,-0.333064,-0.489741,-0.489741,-0.489741,-0.489741,-0.489741,-0.489741,-0.489741,-0.448128,-0.448128,-0.480923,-0.480923,-0.431925,-0.431925,-0.43262,-0.43262,-0.43262,-0.438392,-0.438392,-0.438392,-0.438392,-0.438392,-0.438392,-0.438392,-0.448633,-0.448633,-0.448633,-0.448711,-0.448711,-0.448711,-0.448711,-0.448711
9.15,-0.996477,-0.6781,-0.6781,-0.6781,-0.6781,-0.6781,-0.6781,-0.6781,-0.675662,-0.675662,-0.70129,-0.70129,-0.604383,-0.604383,-0.605002,-0.605002,-0.605002,-0.610721,-0.610721,-0.610721,-0.610721,-0.610721,-0.610721,-0.610721,-0.621848,-0.621848,-0.621848,-0.621964,-0.621964,-0.621964,-0.621964,-0.621964
9.2,-3.23185,-0.790857,-0.790857,-0.790857,-0.790857,-0.790857,-0.790857,-0.790857,-0.831539,-0.831539,-0.847777,-0.847777,-0.703382,-0.703382,-0.703972,-0.703972,-0.703972,-0.709792,-0.709792,-0.709792,-0.709792,-0.709792,-0.709792,-0.709792,-0.720086,-0.720086,-0.720086,-0.720295,-0.720295,-0.720295,-0.720295,-0.720295
9.25,-0.253888,-0.822022,-0.822022,-0.822022,-0.822022,-0.822022,-0.822022,-0.822023,-0.906123,-0.906123,-0.911715,-0.911715,-0.722694,-0.722694,-0.723303,-0.723303,-0.723303,-0.729384,-0.729384,-0.729384,-0.729384,-0.729384,-0.729384,-0.729384,-0.737476,-0.737476,-0.737476,-0.737786,-0.737786,-0.737786,-0.737786,-0.737786
9.3,0.615688,-0.770903,-0.770903,-0.770903,-0.770903,-0.770903,-0.770903,-0.770904,-0.895253,-0.895253,-0.88977,-0.88977,-0.661388,-0.661388,-0.662059,-0.662059,-0.662059,-0.668568,-0.668568,-0.668568,-0.668568,-0.668568,-0.668568,-0.668568,-0.673421,-0.673421,-0.673421,-0.673822,-0.673822,-0.673822,-0.673822,-0.673822
9.35,0.210957,-0.643332,-0.643332,-0.643332,-0.643332,-0.643332,-0.643332,-0.643333,-0.801498,-0.801498,-0.785373,-0.785373,-0.525135,-0.525135,-0.5259,-0.5259,-0.5259,-0.532991,-0.532991,-0.532991,-0.532991,-0.532991,-0.532991,-0.532991,-0.53397,-0.53397,-0.53397,-0.534437,-0.534437,-0.534437,-0.534437,-0.534437
9.4,-0.45943,-0.451227,-0.451227,-0.451227,-0.451227,-0.451227,-0.451227,-0.451228,-0.633988,-0.633988,-0.608477,-0.608477,-0.32581,-0.32581,-0.326689,-0.326689,-0.326689,-0.334471,-0.334471,-0.334471,-0.334471,-0.334471,-0.334471,-0.334471,-0.331363,-0.331363,-0.331363,-0.331866,-0.331866,-0.331866,-0.331866,-0.331866
9.45,-1.15503,-0.211628,-0.211628,-0.211628,-0.211628,-0.211628,-0.211628,-0.211629,-0.40768,-0.40768,-0.374765,-0.374765,-0.0805633,-0.0805633,-0.0815547,-0.0815547,-0.0815547,-0.0900546,-0.0900546,-0.0900546,-0.0900546,-0.0900546,-0.0900546,-0.0900546,-0.0830642,-0.0830642,-0.0830642,-0.0835672,-0.0835672,-0.0835672,-0.0835672,-0.0835672
9.5,-0.656805,0.054687,0.054687,0.054687,0.054687,0.054687,0.054687,0.0546859,-0.14215,-0.14215,-0.104384,-0.104384,0.18956,0.18956,0.188478,0.188478,0.188478,0.179337,0.179337,0.179337,0.179337,0.179337,0.179337,0.179337,0.189644,0.189644,0.189644,0.189173,0.189173,0.189173,0.189173,0.189173
9.55,0.711197,0.325661,0.325661,0.325661,0.325661,0.325661,0.325661,0.32566,0.13998,0.13998,0.179674,0.179674,0.461312,0.461312,0.46018,0.46018,0.46018,0.450596,0.450596,0.450596,0.450596,0.450596,0.450596,0.450596,0.463368,0.463368,0.463368,0.462958,0.462958,0.462958,0.462958,0.462958
9.6,1.89605,0.581843,0.581843,0.581843,0.581843,0.581843,0.581843,0.581842,0.414876,0.414876,0.454529,0.454529,0.716237,0.716237,0.715172,0.715172,0.715172,0.705638,0.705638,0.705638,0.705638,0.705638,0.705638,0.705638,0.719719,0.719719,0.719719,0.719485,0.719485,0.719485,0.719485,0.719485
9.65,2.69917,0.799484,0.799484,0.799484,0.799484,0.799484,0.799484,0.799483,0.666108,0.666108,0.702152,0.702152,0.93087,0.93087,0.929881,0.929881,0.929881,0.920703,0.920703,0.920703,0.920703,0.920703,0.920703,0.920703,0.934956,0.934956,0.934956,0.934832,0.934832,0.934832,0.934832,0.934832
9.7,2.53637,0.954677,0.954677,0.954677,0.954677,0.954677,0.954677,0.954676,0.864067,0.864067,0.893397,0.893397,1.079,1.079,1.07812,1.07812,1.07812,1.06994,1.06994,1.06994,1.06994,1.06994,1.06994,1.06994,1.08387,1.08387,1.08387,1.08383,1.08383,1.08383,1.08383,1.08383
9.75,2.01985,1.03622,1.03622,1.03622,1.03622,1.03622,1.03622,1.03622,0.994148,0.994148,1.01431,1.01431,1.14876,1.14876,1.14806,1.14806,1.14806,1.14143,1.14143,1.14143,1.14143,1.14143,1.14143,1.14143,1.15418,1.15418,1.15418,1.15421,1.15421,1.15421,1.15421,1.15421
9.8,2.1405,1.03535,1.03535,1.03535,1.03535,1.03535,1.03535,1.03535,1.04394,1.04394,1.05317,1.05317,1.13097,1.13097,1.13049,1.13049,1.13049,1.12593,1.12593,1.12593,1.12593,1.12593,1.12593,1.12593,1.13686,1.13686,1.13686,1.13695,1.13695,1.13695,1.13695,1.13695
9.85,3.21745,0.950059,0.950059,0.950059,0.950059,0.950059,0.950059,0.95006,1.00766,1.00766,1.00504,1.00504,1.02349,1.02349,1.02327,1.02327,1.02327,1.02121,1.02121,1.02121,1.02121,1.02121,1.02121,1.02121,1.02996,1.02996,1.02996,1.03009,1.03009,1.03009,1.03009,1.03009
9.9,3.89916,0.785404,0.785404,0.785404,0.785404,0.785404,0.785404,0.785404,0.886743,0.886743,0.872257,0.872257,0.831605,0.831605,0.831701,0.831701,0.831701,0.832411,0.832411,0.832411,0.832411,0.832411,0.832411,0.832411,0.838894,0.838894,0.838894,0.839064,0.839064,0.839064,0.839064,0.839064
9.95,2.32928,0.553158,0.553158,0.553158,0.553158,0.553158,0.553158,0.553158,0.689812,0.689812,0.664382,0.664382,0.567772,0.567772,0.568198,0.568198,0.568198,0.571791,0.571791,0.571791,0.571791,0.571791,0.571791,0.571791,0.57619,0.57619,0.57619,0.576384,0.576384,0.576384,0.576384,0.576384
10,1.87622,0.270935,0.270935,0.270935,0.270935,0.270935,0.270935,0.270935,0.43208,0.43208,0.397474,0.397474,0.250695,0.250695,0.251451,0.251451,0.251451,0.257843,0.257843,0.257843,0.257843,0.257843,0.257843,0.257843,0.260557,0.260557,0.260557,0.260761,0.260761,0.260761,0.260761,0.260761
10,4.40568,0.270935,0.270935,0.270935,0.270935,0.270935,0.270935,0.270935,0.43208,0.43208,0.397474,0.397474,0.250695,0.250695,0.251451,0.251451,0.251451,0.257843,0.257843,0.257843,0.257843,0.257843,0.257843,0.257843,0.260557,0.260557,0.260557,0.260761,0.260761,0.260761,0.260761,0.260761
